<?xml version="1.0" encoding="UTF-8"?>
<site>
   <feature url="features/com.spket.sted_1.6.23.jar" id="com.spket.sted" version="1.6.23">
      <category name="spket"/>
   </feature>
   <feature url="features/com.spket.ui_1.6.23.jar" id="com.spket.ui" version="1.6.23">
      <category name="spket"/>
   </feature>
   <feature url="features/com.spket.xml.external_2.8.0.jar" id="com.spket.xml.external" version="2.8.0">
      <category name="spket"/>
   </feature>
   <feature url="features/com.spket.ide_1.6.23.jar" id="com.spket.ide" version="1.6.23">
      <category name="spket"/>
   </feature>
   <category-def name="spket" label="Spket IDE"/>
</site>
