<?xml version="1.0" encoding="UTF-8"?>
<feature
      id="com.aptana.feature.rcp"
      label="%featureName"
      version="3.2.2.201208201020-7n7jFDFFFaDpxVxpBJfbYz0uGWgb"
      provider-name="%providerName"
      plugin="com.aptana.branding">

   <description>
      %description
   </description>

   <copyright url="%copyrightURL">
      %copyright
   </copyright>

   <license url="%licenseURL">
      %license
   </license>

   <url>
      <update label="%updateSiteName" url="http://download.aptana.com/studio3-rcp/plugin/update/"/>
   </url>

   <includes
         id="org.eclipse.help"
         version="1.3.0.v20110530-0844-7i7uFFmFFl8nvqbDpEqTvx"
         search-location="both"/>

   <includes
         id="org.eclipse.equinox.p2.user.ui"
         version="2.1.2.R37x_v20110815-1155-6-Bk8pYWZz0qUTX5I15GZWwbXkrl"
         search-location="both"/>

   <includes
         id="com.aptana.feature.studio"
         version="3.2.2.201208200959-7C7C37EAEI9YFMKNDc1bIClwcOi-"
         search-location="both"/>

   <includes
         id="org.eclipse.platform"
         version="3.7.2.v20120207-1839-9gF7UHPDFxGjd-PqDr2jX_4yKaumkoHTz04_q-q"/>

   <requires>
      <import plugin="org.eclipse.ui"/>
      <import plugin="org.eclipse.core.runtime"/>
      <import plugin="org.eclipse.core.resources"/>
      <import plugin="org.eclipse.ui.ide"/>
      <import plugin="org.eclipse.ui.browser"/>
      <import plugin="org.eclipse.equinox.p2.ui.sdk.scheduler"/>
      <import plugin="com.ibm.icu"/>
      <import plugin="org.eclipse.core.net"/>
      <import plugin="com.aptana.commandline.launcher"/>
      <import plugin="org.eclipse.osgi"/>
      <import plugin="org.apache.lucene"/>
      <import plugin="org.apache.lucene.analysis"/>
      <import plugin="org.eclipse.help"/>
      <import plugin="org.eclipse.core.expressions"/>
      <import plugin="org.eclipse.equinox.http.jetty"/>
      <import plugin="org.eclipse.equinox.common"/>
      <import plugin="org.eclipse.equinox.registry"/>
      <import plugin="org.eclipse.core.jobs"/>
      <import plugin="org.eclipse.osgi.services"/>
      <import plugin="org.apache.commons.logging"/>
      <import plugin="org.eclipse.ecf.provider.filetransfer"/>
   </requires>

   <plugin
         id="com.aptana.rcp"
         download-size="0"
         install-size="0"
         version="3.2.2.201208201020"
         unpack="false"/>

   <plugin
         id="org.eclipse.equinox.simpleconfigurator"
         download-size="0"
         install-size="0"
         version="1.0.200.v20110815-1438"
         unpack="false"/>

   <plugin
         id="org.eclipse.help.base"
         download-size="0"
         install-size="0"
         version="3.6.2.v201202080800"
         unpack="false"/>

   <plugin
         id="org.apache.lucene.analysis"
         download-size="0"
         install-size="0"
         version="2.9.1.v201101211721"
         unpack="false"/>

   <plugin
         id="org.apache.lucene"
         download-size="0"
         install-size="0"
         version="2.9.1.v201101211721"
         unpack="false"/>

   <plugin
         id="org.eclipse.ecf"
         download-size="0"
         install-size="0"
         version="3.1.300.v20110531-2218"
         unpack="false"/>

   <plugin
         id="org.eclipse.ecf.filetransfer"
         download-size="0"
         install-size="0"
         version="5.0.0.v20110531-2218"
         unpack="false"/>

   <plugin
         id="org.eclipse.ecf.identity"
         download-size="0"
         install-size="0"
         version="3.1.100.v20110531-2218"
         unpack="false"/>

   <plugin
         id="org.apache.commons.codec"
         download-size="0"
         install-size="0"
         version="1.3.0.v201101211617"
         unpack="false"/>

   <plugin
         id="org.apache.commons.httpclient"
         download-size="0"
         install-size="0"
         version="3.1.0.v201012070820"
         unpack="false"/>

   <plugin
         id="org.eclipse.ecf.provider.filetransfer"
         download-size="0"
         install-size="0"
         version="3.2.0.v20110531-2218"
         unpack="false"/>

   <plugin
         id="org.eclipse.ecf.provider.filetransfer.httpclient"
         download-size="0"
         install-size="0"
         version="4.0.0.v20110531-2218"
         unpack="false"/>

   <plugin
         id="org.eclipse.ecf.provider.filetransfer.httpclient.ssl"
         download-size="0"
         install-size="0"
         version="1.0.0.v20110531-2218"
         fragment="true"
         unpack="false"/>

   <plugin
         id="org.eclipse.ecf.provider.filetransfer.ssl"
         download-size="0"
         install-size="0"
         version="1.0.0.v20110531-2218"
         fragment="true"
         unpack="false"/>

   <plugin
         id="org.eclipse.ecf.ssl"
         download-size="0"
         install-size="0"
         version="1.0.100.v20110531-2218"
         fragment="true"
         unpack="false"/>

   <plugin
         id="org.eclipse.equinox.concurrent"
         download-size="0"
         install-size="0"
         version="1.0.200.v20110502"
         unpack="false"/>

   <plugin
         id="com.aptana.rcp.studio"
         os="aix,hpux,linux,macosx,qnx,solaris"
         download-size="0"
         install-size="0"
         version="3.0.0.201208201020"
         fragment="true"
         unpack="false"/>

</feature>
