<?xml version="1.0" encoding="UTF-8"?>
<feature
      id="com.aptana.feature.studio"
      label="%featureName"
      version="3.2.2.201208200959-7C7C37EAEI9YFMKNDc1bIClwcOi-"
      provider-name="%providerName"
      plugin="com.aptana.branding">

   <description url="http://www.aptana.com">
      %description
   </description>

   <copyright url="%copyrightURL">
      %copyright
   </copyright>

   <license url="%licenseURL">
      %license
   </license>

   <url>
      <update label="%updateSiteName" url="http://download.aptana.com/studio3/plugin/update/"/>
   </url>

   <includes
         id="com.aptana.feature"
         version="3.2.2.1345235597-BO7Q8OBea8yJfxywU1DC44EXt-3C"/>

   <includes
         id="org.radrails.rails"
         version="3.2.1.201208200956-7e-7Q7f5AFGLGbPa"
         name="RadRails"/>

   <includes
         id="com.aptana.php.feature"
         version="3.2.1.201208182037-7D-27CEHDDKMRLM"/>

   <includes
         id="com.aptana.pydev.feature"
         version="2.7.0.2012080220-7a8y-87Zr6am_76Z"/>

</feature>
